PIL,CV2
"een ORCL
dipatahkan

Pernah berharap lalu
dikecewakan

Sakitkah?

fet een Lael e
Hidupmu sudah diatur berusaha
saja, berdoa saja semuanya
EN ace

 

Up ey","eNO ORCL
dipatahkan

Pernah berharap lalu
dikecewakan

Sakitkah?

eR) clea ce CLa ee
Hidupmu sudah diatur berusaha
Saja, berdoa saja semuanya
EM eee aCe

 

Up ee"
"GTI Sle CLL ele
AL iste elm LY
mT olla el tdk akan

etal aime le Ze] CS eere
DT Tele
DS le Cee eee A
telah dimiliki","aT Sle LL ele
AL este oom LY
TS lela el tdk akan

pernah datang kepada
DT Tele
De Ce oe i
telah dimiliki"
"Dewasaitu bukan

tentang berapa
umurnya, tapi

seberapa bisa

ia mengontrol,
mengendalikan
dan bertanggung
jawab atas dirinya
dan orang lain","Dewasaitu bukan
tentang berapa
umurnya, tapi
seberapa bisa

ia mengontrol,
mengendalikan
dan bertanggung
jawab atas dirinya
dan oranglain"
"gt

Ue Cy

Maka, Terse J 4
DAN JIKA KAMU
eT De

TERTAWALAH

BoC a)","HIDUP ITU

Ue Cy

| ST
Maka, Terse J 4
DAN JIKA KAMU

TaD eee
eee

Bymera nasi)"
2018-12-1 17:54,2018-12-1 17:54
"1 wish I could give
ae y pain just
opeae yarteyerloale
Nota conn a

Meu you
RM
ieee how

“much Role Tin ons)
“ Sarl

Dre es Bata com","1 wish I could give
se y pain just
rons pO ONIe
Not ice) ia you,

ae tiara
eet telsetarel hy
Tre see how

“m Tap Say Jato acre)
be +3
Dre ran Bota ra"
""" Don't blame people
for disappointing you.
Blame yourself for
expecting too much.""","""Don't blame people
for disappointing you.
Blame yourself for
expecting too much."""
"DAY BY DAY,
mplain VERY LITTLE,
‘nd are THANKFUL
forthe LITTLE THINGS
I LIFE
> > ap on

wee Morning)","‘and are THANKFUL.
for the LITTLE THINGS
IN LIFE.

> <>
aa

 

wi ba Mornix"
"130 m3 ALWAYS ON MY

POO OW AR aa
KEEP ON THINKING OF YOU.
COME TO ME, HOLD MY HAND
PRN 1 ae Le oe
Pum end aa Ce
Col veya: BESIDE
YOU. ALL OLAS)
Ta Vel RAR =

aa om x

 

N
a","you nee ALWAYS ON MY

Oe AM eral
aa eR a kel Col

rely Me elm RAT)
a aay

PU ant ee
AU eR TVR is side
ole Ves UR ol

ahs You j\OR Van) -5"
"Bxe5
ie
sr

“Happiness isn’t about

getting what you want

all the time, it’s about @
loving what you have”","OF25
i
sr

“Happiness isn’t about

getting what you want

all the time, it’s about @
loving what you have”"
"File Options Help

 

This is a PDF Test

On the Insert tab, the galleries include items that are
designed to coordinate with the overall look of your
document. You can use these galleries to insert tables,
headers, footers, lists, cover pages, and other document
building blocks. When you create pictures, charts, or
diagrams, they also coordinate with your current document
look. You can easily change the formatting of selected text
in the document text by choosing a look for the selected
text from the Quick Styles gallery on the Home tab. You can
also format text directly by using the other controls on the

Home tab. Most controls offer a choice of using the look

from the current theme or using a format that you specify","File Options Help

 

This is a PDF Test

On the Insert tab, the galleries include items that are
designed to coordinate with the overall look of your
document. You can use these galleries to insert tables,
headers, footers, lists, cover pages, and other document
building blocks. When you create pictures, charts, or
diagrams, they also coordinate with your current document
look. You can easily change the formatting of selected text
in the document text by choosing a look for the selected
text from the Quick Styles gallery on the Home tab. You can
also format text directly by using the other controls on the

Home tab. Most controls offer a choice of using the look

from the current theme or using a format that you specify"
"WWWHDLUG LIVELY il

1 Post 1506551 WINDA APRIANI P

Check No : 3059689

10 May 19 16:32:47

Bread Butter Pudding 11,500
Cream Bruille 14,000
Choco Croissant 10,500
Bank Of Chocolat 7,500
al 43,500
rota: oan
Payment: 43,500
43,500

monit BUA... .~ vw, aaa Reao ore","ME LIVE! Ys Ul

WWW
1 Post 1506551 WINDA APRIANT P

Check No : 3059689
10 May 19 16:32:47

1 Bread Butter Pudding 41,500
1 Cream Bruille 14,000
1 Choco Croissant 10,500
1 Bank Of Chocolat 7,500
Subtotal 43,500
Total: on
ia 3,500"
"Rockwell: A Life of Ideas — 5

very different crew from the people who signed the Declaration of
Independence. Jefferson was out of the country when the Consti-
tution was passed. And what was the effect of the Constitution? To
restrain government? No. It was precisely the opposite, just as
Hoppe said. It created a new and more powerful government that
not only failed to restrain itself (what government has ever done
that?), but grew and grew into the monstrosity we have today. It
required a wholesale rethinking of the history, but what Hoppe
had said that shocked everyone turns out to be precisely right —
and this is only one example among many.

I’m speaking for multitudes when I say that he helped me
understand democracy as a form of nationalization of the citi-
zenry. We all became the government: or, we all became public
property. And what happens to public property? It is overutilized","Rockwell: A Life of Ideas — 5

very different crew from the people who signed the Declaration of
Independence. Jefferson was out of the country when the Consti-
tution was passed. And what was the effect of the Constitution? To
restrain government? No. It was precisely the opposite, just as
Hoppe said. It created a new and more powerful government that
not only failed to restrain itself (what government has ever done
that?), but grew and grew into the monstrosity we have today. It
required a wholesale rethinking of the history, but what Hoppe
had said that shocked everyone turns out to be precisely right—
and this is only one example among many.

I’m speaking for multitudes when I say that he helped me
understand democracy as a form of nationalization of the citi-
zenry. We all became the government: or, we all became public
property. And what happens to public property? It is overutilized"
